Trial,Time Taken,File Size
1,0.3233820999999999,", 1KB"
2,0.3562816999999985,", 1KB"
3,0.3409178999999991,", 1KB"
1,0.7062825999999998,", 1MB"
2,0.7312513000000003,", 1MB"
3,0.6317223999999992,", 1MB"
1,3.5286059000000005,", 10MB"
2,5.4564471999999995,", 10MB"
3,4.367497,", 10MB"
