Trial,Time Taken,File Size
1,0.6985963999999996,", 1KB"
2,0.4713590000000005,", 1KB"
3,0.45288989999999973,", 1KB"
1,1.028838799999999,", 1MB"
2,1.8022859999999987,", 1MB"
3,0.6038793000000009,", 1MB"
1,2.8866206000000005,", 10MB"
2,3.081094200000001,", 10MB"
3,3.0114482000000002,", 10MB"
