Trial,Time Taken,File Size
1,0.3215632000000008,", 1KB"
2,0.3292990000000007,", 1KB"
3,0.34687679999999954,", 1KB"
1,0.6815974000000002,", 1MB"
2,0.7036503000000005,", 1MB"
3,0.6934346999999992,", 1MB"
1,5.155295899999999,", 10MB"
2,3.6439664,", 10MB"
3,4.7728984000000025,", 10MB"
