Trial,Time Taken,File Size
1,1.2199449999999992,", 1KB"
2,1.0373633999999985,", 1KB"
3,0.9731901000000001,", 1KB"
1,1.7921967999999993,", 1MB"
2,2.0046730000000004,", 1MB"
3,2.025256500000001,", 1MB"
1,4.351021799999998,", 10MB"
2,4.4580096000000005,", 10MB"
3,4.5277902999999995,", 10MB"
